new_order_id,status
-1,'Test'
0,Success
1,Failure
2,Failure
3,Failure
4,Failure
5,Failure
6,Failure
7,Failure
8,Failure
9,Failure
10,Success
11,Success
12,Success
13,Failure
14,Failure
15,Failure
16,Failure
17,Failure
18,Failure
19,Failure
20,Failure
21,Failure
22,Failure
23,Success
24,Failure
25,Failure
26,Success
27,Failure
28,Failure
29,Success
30,Failure
31,Success
32,Failure
33,Failure
34,Success
35,Failure
36,Failure
37,Failure
38,Failure
39,Failure
40,Failure
41,Failure
42,Success
43,Failure
44,Failure
45,Success
46,Failure
47,Failure
48,Failure
49,Failure
50,Failure
51,Failure
52,Failure
53,Failure
54,Failure
55,Failure
56,Success
57,Failure
58,Failure
59,Failure
60,Success
61,Failure
62,Success
63,Success
64,Failure
65,Success
66,Failure
67,Failure
68,Failure
69,Failure
70,Failure
71,Failure
72,Success
73,Success
74,Success
75,Failure
76,Failure
77,Failure
78,Failure
79,Success
80,Failure
81,Failure
82,Success
83,Success
84,Success
85,Failure
86,Success
87,Failure
88,Success
89,Failure
90,Failure
91,Failure
92,Success
93,Success
94,Success
95,Failure
96,Failure
97,Success
98,Success
99,Failure
100,Failure
101,Failure
102,Failure
103,Success
104,Failure
105,Failure
106,Success
107,Failure
108,Failure
109,Failure
110,Success
111,Success
112,Success
113,Success
114,Failure
115,Failure
116,Success
117,Failure
118,Failure
119,Failure
120,Failure
121,Failure
122,Failure
123,Failure
124,Success
125,Failure
126,Failure
127,Failure
128,Failure
129,Success
130,Failure
131,Success
132,Failure
133,Failure
134,Failure
135,Success
136,Failure
137,Failure
138,Failure
139,Failure
140,Success
141,Success
142,Success
143,Failure
144,Failure
145,Failure
146,Success
147,Failure
148,Failure
149,Failure
150,Failure
151,Failure
152,Success
153,Failure
154,Success
155,Failure
156,Failure
157,Failure
158,Failure
159,Failure
160,Success
161,Failure
162,Success
163,Success
164,Failure
165,Failure
166,Failure
167,Failure
168,Success
169,Failure
170,Success
171,Failure
172,Success
173,Failure
174,Success
175,Failure
176,Failure
177,Failure
178,Failure
179,Failure
180,Failure
181,Failure
182,Failure
183,Failure
184,Failure
185,Failure
186,Failure
187,Failure
188,Failure
189,Success
190,Failure
191,Success
192,Failure
193,Failure
194,Failure
195,Failure
196,Failure
197,Failure
198,Success
199,Success
200,Success
201,Failure
202,Success
203,Success
204,Failure
205,Failure
206,Success
207,Success
208,Failure
209,Failure
210,Success
211,Failure
212,Success
213,Success
214,Failure
215,Success
216,Failure
217,Failure
218,Success
219,Success
220,Failure
221,Success
222,Success
223,Failure
224,Success
225,Failure
226,Failure
227,Success
228,Success
229,Failure
230,Failure
231,Success
232,Success
233,Failure
234,Failure
235,Failure
236,Success
237,Failure
238,Success
239,Failure
240,Failure
241,Success
242,Success
243,Success
244,Failure
245,Success
246,Success
247,Failure
248,Failure
249,Failure
250,Success
251,Failure
252,Failure
253,Failure
254,Failure
255,Success
256,Failure
257,Failure
258,Failure
259,Success
260,Success
261,Failure
262,Failure
263,Success
264,Failure
265,Failure
266,Success
267,Success
268,Failure
269,Success
270,Failure
271,Failure
272,Success
273,Success
274,Success
275,Failure
276,Success
277,Success
278,Failure
279,Success
280,Success
281,Success
282,Success
283,Success
284,Failure
285,Failure
286,Success
287,Success
288,Success
289,Failure
290,Success
291,Failure
292,Failure
293,Failure
294,Failure
295,Failure
296,Failure
297,Failure
298,Failure
299,Failure
300,Success
301,Failure
302,Success
303,Success
304,Success
305,Failure
306,Failure
307,Failure
308,Success
309,Success
310,Failure
311,Failure
312,Failure
313,Success
314,Success
315,Failure
316,Failure
317,Success
318,Failure
319,Failure
320,Success
321,Success
322,Failure
323,Success
324,Failure
325,Failure
326,Failure
327,Failure
328,Success
329,Failure
330,Failure
331,Failure
332,Failure
333,Failure
334,Failure
335,Failure
336,Failure
337,Success
338,Success
339,Failure
340,Success
341,Success
342,Failure
343,Success
344,Success
345,Success
346,Failure
347,Success
348,Failure
349,Success
350,Failure
351,Failure
352,Success
353,Failure
354,Failure
355,Success
356,Failure
357,Success
358,Success
359,Failure
360,Success
361,Success
362,Success
363,Success
364,Success
365,Failure
366,Failure
367,Failure
368,Failure
369,Success
370,Success
371,Failure
372,Failure
373,Failure
374,Success
375,Failure
376,Failure
377,Success
378,Failure
379,Failure
380,Failure
381,Success
382,Success
383,Success
384,Failure
385,Failure
386,Failure
387,Failure
388,Success
389,Failure
390,Failure
391,Failure
392,Failure
393,Failure
394,Failure
395,Failure
396,Success
397,Success
398,Success
399,Success
400,Success
401,Success
402,Failure
403,Success
404,Failure
405,Success
406,Success
407,Failure
408,Success
409,Success
410,Failure
411,Failure
412,Success
413,Success
414,Failure
415,Failure
416,Success
417,Failure
418,Failure
419,Failure
420,Failure
421,Failure
422,Failure
423,Failure
424,Failure
425,Failure
426,Failure
427,Success
428,Failure
429,Failure
430,Failure
431,Success
432,Success
433,Success
434,Success
435,Failure
436,Failure
437,Failure
438,Failure
439,Failure
440,Failure
441,Success
442,Failure
443,Success
444,Failure
445,Failure
446,Failure
447,Failure
448,Failure
449,Failure
450,Success
451,Failure
452,Success
453,Failure
454,Success
455,Success
456,Success
457,Failure
458,Failure
459,Success
460,Failure
461,Success
462,Failure
463,Failure
464,Success
465,Failure
466,Success
467,Failure
468,Failure
469,Success
470,Failure
471,Success
472,Failure
473,Failure
474,Success
475,Failure
476,Failure
477,Success
478,Failure
479,Success
480,Failure
481,Success
482,Failure
483,Success
484,Success
485,Success
486,Failure
487,Success
488,Success
489,Failure
490,Failure
491,Success
492,Failure
493,Failure
494,Failure
495,Failure
496,Failure
497,Success
498,Failure
499,Failure
500,Success
501,Failure
502,Failure
503,Failure
504,Failure
505,Success
506,Failure
507,Failure
508,Success
509,Failure
510,Failure
511,Failure
512,Failure
513,Failure
514,Success
515,Failure
516,Success
517,Failure
518,Failure
519,Failure
520,Failure
521,Success
522,Failure
523,Failure
524,Success
525,Success
526,Failure
527,Failure
528,Failure
529,Failure
530,Failure
531,Success
532,Success
533,Failure
534,Failure
535,Failure
536,Success
537,Failure
538,Failure
539,Failure
540,Failure
541,Failure
542,Failure
543,Failure
544,Failure
545,Success
546,Failure
547,Failure
548,Success
549,Failure
550,Success
551,Failure
552,Success
553,Success
554,Failure
555,Success
556,Success
557,Success
558,Failure
559,Failure
560,Failure
561,Failure
562,Success
563,Failure
564,Failure
565,Failure
566,Success
567,Failure
568,Failure
569,Failure
570,Failure
571,Success
572,Failure
573,Failure
574,Success
575,Failure
576,Success
577,Failure
578,Failure
579,Failure
580,Failure
581,Failure
582,Failure
583,Failure
584,Failure
585,Success
586,Failure
587,Failure
588,Failure
589,Failure
590,Success
591,Success
592,Success
593,Success
594,Failure
595,Failure
596,Failure
597,Failure
598,Failure
599,Success
600,Success
601,Failure
602,Failure
603,Failure
604,Failure
605,Success
606,Failure
607,Failure
608,Success
609,Failure
610,Success
611,Success
612,Failure
613,Success
614,Success
615,Failure
616,Failure
617,Success
618,Success
619,Failure
620,Failure
621,Failure
622,Failure
623,Failure
624,Failure
625,Failure
626,Failure
627,Failure
628,Success
629,Success
630,Failure
631,Success
632,Failure
633,Failure
634,Success
635,Success
636,Failure
637,Failure
638,Success
639,Failure
640,Failure
641,Failure
642,Success
643,Success
644,Failure
645,Success
646,Failure
647,Success
648,Success
649,Success
650,Failure
651,Success
652,Success
653,Failure
654,Failure
655,Failure
656,Failure
657,Success
658,Success
659,Failure
660,Failure
661,Success
662,Failure
663,Failure
664,Failure
665,Failure
666,Failure
667,Failure
668,Failure
669,Failure
670,Failure
671,Failure
672,Failure
673,Success
674,Failure
675,Failure
676,Failure
677,Failure
678,Failure
679,Success
680,Failure
681,Failure
682,Failure
683,Failure
684,Failure
685,Failure
686,Failure
687,Success
688,Failure
689,Failure
690,Failure
691,Success
692,Failure
693,Failure
694,Failure
695,Success
696,Failure
697,Failure
698,Failure
699,Success
700,Failure
701,Success
702,Failure
703,Failure
704,Failure
705,Failure
706,Failure
707,Failure
708,Success
709,Failure
710,Success
711,Success
712,Success
713,Failure
714,Success
715,Success
716,Failure
717,Failure
718,Failure
719,Failure
720,Failure
721,Failure
722,Failure
723,Success
724,Failure
725,Failure
726,Failure
727,Failure
728,Success
729,Failure
730,Failure
731,Failure
732,Failure
733,Failure
734,Failure
735,Failure
736,Failure
737,Success
738,Failure
739,Success
740,Failure
741,Failure
742,Failure
743,Failure
744,Failure
745,Failure
746,Success
747,Failure
748,Failure
749,Failure
750,Failure
751,Failure
752,Success
753,Failure
754,Failure
755,Success
756,Failure
757,Failure
758,Failure
759,Success
760,Failure
761,Failure
762,Failure
763,Failure
764,Success
765,Failure
766,Success
767,Failure
768,Success
769,Failure
770,Success
771,Failure
772,Success
773,Success
774,Success
775,Success
776,Failure
777,Failure
778,Failure
779,Failure
780,Failure
781,Success
782,Failure
783,Failure
784,Success
785,Failure
786,Success
787,Failure
788,Success
789,Success
